[
    {
        "pk": 1, 
        "model": "rapidsms.backend", 
        "fields": {
            "name": "message_tester"
        }
    }, 
    {
        "pk": 1, 
        "model": "rapidsms.app", 
        "fields": {
            "active": false,
            "module": "django_nose"
        }
    }, 
    {
        "pk": 2, 
        "model": "rapidsms.app", 
        "fields": {
            "active": false, 
            "module": "djtables"
        }
    }, 
    {
        "pk": 3, 
        "model": "rapidsms.app", 
        "fields": {
            "active": false, 
            "module": "rapidsms"
        }
    }, 
    {
        "pk": 4, 
        "model": "rapidsms.app", 
        "fields": {
            "active": false, 
            "module": "rapidsms.contrib.handlers"
        }
    }, 
    {
        "pk": 5, 
        "model": "rapidsms.app", 
        "fields": {
            "active": false, 
            "module": "rapidsms.contrib.ajax"
        }
    }, 
    {
        "pk": 6, 
        "model": "rapidsms.app", 
        "fields": {
            "active": false, 
            "module": "django.contrib.sites"
        }
    }, 
    {
        "pk": 7, 
        "model": "rapidsms.app", 
        "fields": {
            "active": false, 
            "module": "django.contrib.auth"
        }
    }, 
    {
        "pk": 8, 
        "model": "rapidsms.app", 
        "fields": {
            "active": false, 
            "module": "django.contrib.admin"
        }
    }, 
    {
        "pk": 9, 
        "model": "rapidsms.app", 
        "fields": {
            "active": false, 
            "module": "django.contrib.sessions"
        }
    }, 
    {
        "pk": 10, 
        "model": "rapidsms.app", 
        "fields": {
            "active": false, 
            "module": "django.contrib.contenttypes"
        }
    }, 
    {
        "pk": 11, 
        "model": "rapidsms.app", 
        "fields": {
            "active": false, 
            "module": "south"
        }
    }, 
    {
        "pk": 12, 
        "model": "rapidsms.app", 
        "fields": {
            "active": false, 
            "module": "rapidsms.contrib.default"
        }
    }, 
    {
        "pk": 13, 
        "model": "rapidsms.app", 
        "fields": {
            "active": false, 
            "module": "rapidsms.contrib.export"
        }
    }, 
    {
        "pk": 14, 
        "model": "rapidsms.app", 
        "fields": {
            "active": false, 
            "module": "rapidsms.contrib.httptester"
        }
    }, 
    {
        "pk": 15, 
        "model": "rapidsms.app", 
        "fields": {
            "active": false, 
            "module": "rapidsms.contrib.locations"
        }
    }, 
    {
        "pk": 16, 
        "model": "rapidsms.app", 
        "fields": {
            "active": false, 
            "module": "rapidsms.contrib.messagelog"
        }
    }, 
    {
        "pk": 17, 
        "model": "rapidsms.app", 
        "fields": {
            "active": false, 
            "module": "rapidsms.contrib.messaging"
        }
    }, 
    {
        "pk": 18, 
        "model": "rapidsms.app", 
        "fields": {
            "active": false, 
            "module": "rapidsms.contrib.scheduler"
        }
    }, 
    {
        "pk": 19, 
        "model": "rapidsms.app", 
        "fields": {
            "active": false, 
            "module": "rapidsms.contrib.echo"
        }
    }, 
    {
        "pk": 20, 
        "model": "rapidsms.app", 
        "fields": {
            "active": false, 
            "module": "logistics.apps.registration"
        }
    }, 
    {
        "pk": 21, 
        "model": "rapidsms.app", 
        "fields": {
            "active": false, 
            "module": "logistics.apps.logistics"
        }
    }, 
    {
        "pk": 1, 
        "model": "rapidsms.contact", 
        "fields": {
            "name": "Test User", 
            "language": "en-us",
            "location": 1, 
            "needs_reminders": true, 
            "role": 4
        }
    }, 
    {
        "pk": 2, 
        "model": "rapidsms.contact", 
        "fields": {
            "name": "In Charge", 
            "language": "en-us",
            "location": 1
        }
    }, 
    {
        "pk": 1, 
        "model": "rapidsms.connection", 
        "fields": {
            "contact": 1, 
            "identity": "16176023315", 
            "backend": 1
        }
    }, 
    {
        "pk": 2, 
        "model": "rapidsms.connection", 
        "fields": {
            "contact": 2, 
            "identity": "1234567890", 
            "backend": 1
        }
    }, 
    {
        "pk": 1, 
        "model": "logistics.product", 
        "fields": {
            "units": "tablet", 
            "sms_code": "lf",
            "product_code": "", 
            "name": "Lofem", 
            "description": "Lofem"
        }
    }, 
    {
        "pk": 2, 
        "model": "logistics.product", 
        "fields": {
            "units": "unit", 
            "sms_code": "mc", 
            "product_code": "", 
            "name": "Male Condom", 
            "description": "Male Condom"
        }
    }, 
    {
        "pk": 3, 
        "model": "logistics.product", 
        "fields": {
            "units": "don't know", 
            "sms_code": "mg",
            "product_code": "", 
            "name": "Micro-G", 
            "description": "Micro-G"
        }
    }, 
    {
        "pk": 4, 
        "model": "logistics.product", 
        "fields": {
            "units": "don't know", 
            "sms_code": "ng",
            "product_code": "", 
            "name": "Norigynon", 
            "description": "Norigynon"
        }
    }, 
    {
        "pk": 5, 
        "model": "logistics.product", 
        "fields": {
            "units": "don't know", 
            "sms_code": "dp",
            "product_code": "", 
            "name": "Depo Provera", 
            "description": "Depo Provera"
        }
    }, 
    {
        "pk": 6, 
        "model": "logistics.product", 
        "fields": {
            "units": "boxes", 
            "sms_code": "jd", 
            "product_code": "", 
            "name": "Jadelle", 
            "description": "Jadelle"
        }
    }, 
    {
        "pk": 7, 
        "model": "logistics.product", 
        "fields": {
            "units": "don't know", 
            "sms_code": "ct",
            "product_code": "", 
            "name": "Copper-T", 
            "description": "Copper-T"
        }
    }, 
    {
        "pk": 8, 
        "model": "logistics.product", 
        "fields": {
            "units": "don't know", 
            "sms_code": "ns",
            "product_code": "", 
            "name": "Nevirapine Suspension", 
            "description": "Nevirapine Suspension"
        }
    }, 
    {
        "pk": 9, 
        "model": "logistics.product", 
        "fields": {
            "units": "don't know", 
            "sms_code": "nt",
            "product_code": "", 
            "name": "Nevirapine Tabs", 
            "description": "Nevirapine Tabs"
        }
    }, 
    {
        "pk": 10, 
        "model": "logistics.product", 
        "fields": {
            "units": "don't know", 
            "sms_code": "fr",
            "product_code": "", 
            "name": "First Response", 
            "description": "First Response"
        }
    }, 
    {
        "pk": 11, 
        "model": "logistics.product", 
        "fields": {
            "units": "don't know", 
            "sms_code": "oq",
            "product_code": "", 
            "name": "Oraquick", 
            "description": "Oraquick"
        }
    }, 
    {
        "pk": 12, 
        "model": "logistics.product", 
        "fields": {
            "units": "don't know", 
            "sms_code": "co",
            "product_code": "", 
            "name": "Combivir Tabs", 
            "description": "Combivir Tabs (AZT/3TC)"
        }
    }, 
    {
        "pk": 13, 
        "model": "logistics.product", 
        "fields": {
            "units": "don't know", 
            "sms_code": "ls",
            "product_code": "", 
            "name": "Lamivudine Suspension", 
            "description": "Lamivudine Suspension"
        }
    }, 
    {
        "pk": 14, 
        "model": "logistics.product", 
        "fields": {
            "units": "don't know", 
            "sms_code": "zs",
            "product_code": "", 
            "name": "Zidovudine Suspension", 
            "description": "Zidovudine Suspension"
        }
    }, 
    {
        "pk": 15, 
        "model": "logistics.product", 
        "fields": {
            "units": "don't know", 
            "sms_code": "aq",
            "product_code": "", 
            "name": "AS-AQ", 
            "description": "AS-AQ (3X3)"
        }
    }, 
    {
        "pk": 16, 
        "model": "logistics.product", 
        "fields": {
            "units": "don't know", 
            "sms_code": "ad",
            "product_code": "", 
            "name": "A-L Dispersible", 
            "description": "A-L Dispersible (1X6)"
        }
    }, 
    {
        "pk": 17, 
        "model": "logistics.product", 
        "fields": {
            "units": "don't know", 
            "sms_code": "as",
            "product_code": "", 
            "name": "A-L Suspension", 
            "description": "A-L Suspension"
        }
    }, 
    {
        "pk": 18, 
        "model": "logistics.product", 
        "fields": {
            "units": "don't know", 
            "sms_code": "qu",
            "product_code": "", 
            "name": "Oral Quinine", 
            "description": "Oral Quinine"
        }
    }, 
    {
        "pk": 19, 
        "model": "logistics.product", 
        "fields": {
            "units": "don't know", 
            "sms_code": "sp",
            "product_code": "", 
            "name": "SP", 
            "description": "SP"
        }
    }, 
    {
        "pk": 20, 
        "model": "logistics.product", 
        "fields": {
            "units": "don't know", 
            "sms_code": "rd",
            "product_code": "", 
            "name": "RDTs", 
            "description": "RDTs"
        }
    }, 
    {
        "pk": 1,
        "model": "logistics.productstock",
        "fields": {
            "days_stocked_out": 0,
            "location": 1,
            "product": 1,
            "is_active": true,
            "quantity": 30,
            "monthly_consumption": 10,
            "last_modified": "2011-02-08 15:53:05"
        }
    },
    {
        "pk": 2,
        "model": "logistics.productstock",
        "fields": {
            "days_stocked_out": 0,
            "location": 1,
            "product": 2,
            "is_active": true,
            "quantity": 100,
            "monthly_consumption": 10,
            "last_modified": "2011-02-08 15:53:05"
        }
    },
    {
        "pk": 3,
        "model": "logistics.productstock",
        "fields": {
            "days_stocked_out": 0,
            "location": 1,
            "product": 3,
            "is_active": false,
            "quantity": 100,
            "monthly_consumption": 10,
            "last_modified": "2011-02-08 15:53:05"
        }
    },
    {
        "pk": 4,
        "model": "logistics.productstock",
        "fields": {
            "days_stocked_out": 0,
            "location": 1,
            "product": 4,
            "is_active": false,
            "quantity": 100,
            "monthly_consumption": 10,
            "last_modified": "2011-02-08 15:53:05"
        }
    },
    {
        "pk": 5,
        "model": "logistics.productstock",
        "fields": {
            "days_stocked_out": 0,
            "location": 1,
            "product": 5,
            "is_active": false,
            "quantity": 100,
            "monthly_consumption": 10,
            "last_modified": "2011-02-08 15:53:05"
        }
    },
    {
        "pk": 6,
        "model": "logistics.productstock",
        "fields": {
            "days_stocked_out": 0,
            "location": 1,
            "product": 6,
            "is_active": false,
            "quantity": 100,
            "monthly_consumption": 10,
            "last_modified": "2011-02-08 15:53:05"
        }
    },
    {
        "pk": 7,
        "model": "logistics.productstock",
        "fields": {
            "days_stocked_out": 0,
            "location": 1,
            "product": 7,
            "is_active": false,
            "quantity": 100,
            "monthly_consumption": 10,
            "last_modified": "2011-02-08 15:53:05"
        }
    },
    {
        "pk": 8,
        "model": "logistics.productstock",
        "fields": {
            "days_stocked_out": 0,
            "location": 1,
            "product": 8,
            "is_active": false,
            "quantity": 100,
            "monthly_consumption": 10,
            "last_modified": "2011-02-08 15:53:05"
        }
    },
    {
        "pk": 9,
        "model": "logistics.productstock",
        "fields": {
            "days_stocked_out": 0,
            "location": 1,
            "product": 9,
            "is_active": false,
            "quantity": 100,
            "monthly_consumption": 10,
            "last_modified": "2011-02-08 15:53:05"
        }
    },
    {
        "pk": 10,
        "model": "logistics.productstock",
        "fields": {
            "days_stocked_out": 0,
            "location": 1,
            "product": 10,
            "is_active": false,
            "quantity": 100,
            "monthly_consumption": 10,
            "last_modified": "2011-02-08 15:53:05"
        }
    },
    {
        "pk": 11,
        "model": "logistics.productstock",
        "fields": {
            "days_stocked_out": 0,
            "location": 1,
            "product": 11,
            "is_active": false,
            "quantity": 100,
            "monthly_consumption": 10,
            "last_modified": "2011-02-08 15:53:05"
        }
    },
    {
        "pk": 12,
        "model": "logistics.productstock",
        "fields": {
            "days_stocked_out": 0,
            "location": 1,
            "product": 12,
            "is_active": false,
            "quantity": 100,
            "monthly_consumption": 10,
            "last_modified": "2011-02-08 15:53:05"
        }
    },
    {
        "pk": 13,
        "model": "logistics.productstock",
        "fields": {
            "days_stocked_out": 0,
            "location": 1,
            "product": 13,
            "is_active": false,
            "quantity": 100,
            "monthly_consumption": 10,
            "last_modified": "2011-02-08 15:53:05"
        }
    },
    {
        "pk": 14,
        "model": "logistics.productstock",
        "fields": {
            "days_stocked_out": 0,
            "location": 1,
            "product": 14,
            "is_active": false,
            "quantity": 100,
            "monthly_consumption": 10,
            "last_modified": "2011-02-08 15:53:05"
        }
    },
    {
        "pk": 15,
        "model": "logistics.productstock",
        "fields": {
            "days_stocked_out": 0,
            "location": 1,
            "product": 15,
            "is_active": false,
            "quantity": 100,
            "monthly_consumption": 10,
            "last_modified": "2011-02-08 15:53:05"
        }
    },
    {
        "pk": 16,
        "model": "logistics.productstock",
        "fields": {
            "days_stocked_out": 0,
            "location": 1,
            "product": 16,
            "is_active": false,
            "quantity": 100,
            "monthly_consumption": 10,
            "last_modified": "2011-02-08 15:53:05"
        }
    },
    {
        "pk": 17,
        "model": "logistics.productstock",
        "fields": {
            "days_stocked_out": 0,
            "location": 1,
            "product": 17,
            "is_active": false,
            "quantity": 100,
            "monthly_consumption": 10,
            "last_modified": "2011-02-08 15:53:05"
        }
    },
    {
        "pk": 18,
        "model": "logistics.productstock",
        "fields": {
            "days_stocked_out": 0,
            "location": 1,
            "product": 18,
            "is_active": false,
            "quantity": 100,
            "monthly_consumption": 10,
            "last_modified": "2011-02-08 15:53:05"
        }
    },
    {
        "pk": 19,
        "model": "logistics.productstock",
        "fields": {
            "days_stocked_out": 0,
            "location": 1,
            "product": 19,
            "is_active": false,
            "quantity": 100,
            "monthly_consumption": 10,
            "last_modified": "2011-02-08 15:53:05"
        }
    },
    {
        "pk": 20,
        "model": "logistics.productstock",
        "fields": {
            "days_stocked_out": 0,
            "location": 1,
            "product": 20,
            "is_active": false,
            "quantity": 100,
            "monthly_consumption": 10,
            "last_modified": "2011-02-08 15:53:05"
        }
    },
    {
        "pk": 21, 
        "model": "logistics.productstock", 
        "fields": {
            "product": 1, 
            "monthly_consumption": 0, 
            "is_active": true, 
            "last_modified": "2011-02-18 22:06:13", 
            "location": 2, 
            "days_stocked_out": 0, 
            "quantity": null
        }
    }, 
    {
        "pk": 22, 
        "model": "logistics.productstock", 
        "fields": {
            "product": 2, 
            "monthly_consumption": 0, 
            "is_active": true, 
            "last_modified": "2011-02-18 22:06:22", 
            "location": 2, 
            "days_stocked_out": 0, 
            "quantity": null
        }
    }, 
    {
        "pk": 23, 
        "model": "logistics.productstock", 
        "fields": {
            "product": 3, 
            "monthly_consumption": 0, 
            "is_active": true, 
            "last_modified": "2011-02-18 22:06:28", 
            "location": 2, 
            "days_stocked_out": 0, 
            "quantity": null
        }
    }, 
    {
        "pk": 1, 
        "model": "logistics.productreporttype", 
        "fields": {
            "name": "Stock on Hand", 
            "slug": "soh"
        }
    },
    {
        "pk": 2, 
        "model": "logistics.productreporttype",     
        "fields": {
            "name": "Stock Received", 
            "slug": "rec"
        }
    },
    {
        "pk": 1, 
        "model": "sites.site", 
        "fields": {
            "domain": "ilsgateway.com", 
            "name": "ilsgateway.com"
        }
    }, 
    {
        "pk": "hc",
        "model": "locations.locationtype",
        "fields": {
            "name": "Health Center"
        }
    },
    {
        "pk": "dh",
        "model": "locations.locationtype",
        "fields": {
            "name": "District Hospital"
        }
    },
    {
        "pk": "chps",
        "model": "locations.locationtype",
        "fields": {
            "name": "CHPS Facility"
        }
    },
    {
        "pk": "da",
        "model": "locations.locationtype",
        "fields": {
            "name": "District Administration"
        }
    },
    {
        "pk": "RMS",
        "model": "locations.locationtype",
        "fields": {
            "name": "Regional Medical Store"
        }
    },
    {
        "pk": 1,
        "model": "locations.location",
        "fields": {
            "name": "Dangme East District Hospital",
            "point": null,
            "created_at": "2011-02-08 15:53:05",
            "parent_type": null,
            "parent_id": null,
            "code": "dedh",
            "active": true,
            "type": "dh"
        }
    },
    {
        "pk": 2, 
        "model": "locations.location", 
        "fields": {
            "name": "Central Regional Medical Store", 
            "point": null, 
            "created_at": "2011-02-18 21:55:49", 
            "parent_type": null, 
            "parent_id": null, 
            "code": "CRMS", 
            "active": true, 
            "type": "RMS"
        }
    },
    {
        "pk": 1, 
        "model": "logistics.responsibility", 
        "fields": {
            "slug": "reporter", 
            "name": "report stock on hand"
        }
    }, 
    {
        "pk": 2, 
        "model": "logistics.responsibility", 
        "fields": {
            "slug": "reportee", 
            "name": "respond to reports"
        }
    }, 
    {
        "pk": 1, 
        "model": "logistics.contactrole", 
        "fields": {
            "responsibilities": [
                1
            ], 
            "slug": "pharmacist", 
            "name": "pharmacist"
        }
    }, 
    {
        "pk": 2, 
        "model": "logistics.contactrole", 
        "fields": {
            "responsibilities": [
                1
            ], 
            "slug": "nurse", 
            "name": "family planning nurse"
        }
    }, 
    {
        "pk": 3, 
        "model": "logistics.contactrole", 
        "fields": {
            "responsibilities": [
                2
            ], 
            "slug": "administrator", 
            "name": "administrator"
        }
    }, 
    {
        "pk": 4, 
        "model": "logistics.contactrole", 
        "fields": {
            "responsibilities": [
                2
            ], 
            "slug": "incharge", 
            "name": "in charge"
        }
    }, 
    {
        "pk": 1, 
        "model": "auth.user", 
        "fields": {
            "username": "admin", 
            "first_name": "", 
            "last_name": "", 
            "is_active": true, 
            "is_superuser": true, 
            "is_staff": true, 
            "last_login": "2011-02-08 15:51:09", 
            "groups": [], 
            "user_permissions": [], 
            "password": "sha1$9e34e$68168e4770f70e01be6b874c1435c7f9447992dd", 
            "email": "rluk@dimagi.com", 
            "date_joined": "2011-02-08 15:50:56"
        }
    }
]
