[
    {
        "pk": 1, 
        "model": "rapidsms.backend", 
        "fields": {
            "name": "message_tester"
        }
    }, 
    {
        "pk": 1, 
        "model": "rapidsms.app", 
        "fields": {
            "active": false,
            "module": "django_nose"
        }
    }, 
    {
        "pk": 2, 
        "model": "rapidsms.app", 
        "fields": {
            "active": false, 
            "module": "djtables"
        }
    }, 
    {
        "pk": 3, 
        "model": "rapidsms.app", 
        "fields": {
            "active": false, 
            "module": "rapidsms"
        }
    }, 
    {
        "pk": 4, 
        "model": "rapidsms.app", 
        "fields": {
            "active": false, 
            "module": "rapidsms.contrib.handlers"
        }
    }, 
    {
        "pk": 5, 
        "model": "rapidsms.app", 
        "fields": {
            "active": false, 
            "module": "rapidsms.contrib.ajax"
        }
    }, 
    {
        "pk": 6, 
        "model": "rapidsms.app", 
        "fields": {
            "active": false, 
            "module": "django.contrib.sites"
        }
    }, 
    {
        "pk": 7, 
        "model": "rapidsms.app", 
        "fields": {
            "active": false, 
            "module": "django.contrib.auth"
        }
    }, 
    {
        "pk": 8, 
        "model": "rapidsms.app", 
        "fields": {
            "active": false, 
            "module": "django.contrib.admin"
        }
    }, 
    {
        "pk": 9, 
        "model": "rapidsms.app", 
        "fields": {
            "active": false, 
            "module": "django.contrib.sessions"
        }
    }, 
    {
        "pk": 10, 
        "model": "rapidsms.app", 
        "fields": {
            "active": false, 
            "module": "django.contrib.contenttypes"
        }
    }, 
    {
        "pk": 11, 
        "model": "rapidsms.app", 
        "fields": {
            "active": false, 
            "module": "south"
        }
    }, 
    {
        "pk": 12, 
        "model": "rapidsms.app", 
        "fields": {
            "active": false, 
            "module": "rapidsms.contrib.default"
        }
    }, 
    {
        "pk": 13, 
        "model": "rapidsms.app", 
        "fields": {
            "active": false, 
            "module": "rapidsms.contrib.export"
        }
    }, 
    {
        "pk": 14, 
        "model": "rapidsms.app", 
        "fields": {
            "active": false, 
            "module": "rapidsms.contrib.httptester"
        }
    }, 
    {
        "pk": 15, 
        "model": "rapidsms.app", 
        "fields": {
            "active": false, 
            "module": "rapidsms.contrib.locations"
        }
    }, 
    {
        "pk": 16, 
        "model": "rapidsms.app", 
        "fields": {
            "active": false, 
            "module": "rapidsms.contrib.messagelog"
        }
    }, 
    {
        "pk": 17, 
        "model": "rapidsms.app", 
        "fields": {
            "active": false, 
            "module": "rapidsms.contrib.messaging"
        }
    }, 
    {
        "pk": 18, 
        "model": "rapidsms.app", 
        "fields": {
            "active": false, 
            "module": "rapidsms.contrib.scheduler"
        }
    }, 
    {
        "pk": 19, 
        "model": "rapidsms.app", 
        "fields": {
            "active": false, 
            "module": "rapidsms.contrib.echo"
        }
    }, 
    {
        "pk": 20, 
        "model": "rapidsms.app", 
        "fields": {
            "active": false, 
            "module": "logistics.apps.registration"
        }
    }, 
    {
        "pk": 21, 
        "model": "rapidsms.app", 
        "fields": {
            "active": false, 
            "module": "logistics.apps.logistics"
        }
    }, 
    {
        "pk": 1,
        "model": "logistics.producttype",
        "fields": {
            "name": "Family Planning",
            "code": "fp"
        }
    },
    {
        "pk": 2,
        "model": "logistics.producttype",
        "fields": {
            "name": "HIV/AIDS",
            "code": "hiv"
        }
    },
    {
        "pk": 3,
        "model": "logistics.producttype",
        "fields": {
            "name": "Malaria",
            "code": "malaria"
        }
    },
    {
        "pk": 1, 
        "model": "logistics.product", 
        "fields": {
            "units": "Cycle", 
            "sms_code": "lf",
            "product_code": "", 
            "name": "Lofem", 
            "type": 1,
            "description": "Lofem"
        }
    }, 
    {
        "pk": 2, 
        "model": "logistics.product", 
        "fields": {
            "units": "Pcs", 
            "sms_code": "mc", 
            "product_code": "", 
            "name": "Male Condom", 
            "type": 1,
            "description": "Male Condom"
        }
    }, 
    {
        "pk": 3, 
        "model": "logistics.product", 
        "fields": {
            "units": "Cycle", 
            "sms_code": "mg",
            "product_code": "", 
            "name": "Micro-G", 
            "type": 1,
            "description": "Micro-G"
        }
    }, 
    {
        "pk": 4, 
        "model": "logistics.product", 
        "fields": {
            "units": "Amps", 
            "sms_code": "ng",
            "product_code": "", 
            "name": "Norigynon", 
            "type": 1,
            "description": "Norigynon"
        }
    }, 
    {
        "pk": 5, 
        "model": "logistics.product", 
        "fields": {
            "units": "Vials", 
            "sms_code": "dp",
            "product_code": "", 
            "name": "Depo Provera", 
            "type": 1,
            "description": "Depo Provera"
        }
    }, 
    {
        "pk": 6, 
        "model": "logistics.product", 
        "fields": {
            "units": "Pcs", 
            "sms_code": "jd", 
            "product_code": "", 
            "name": "Jadelle", 
            "type": 1,
            "description": "Jadelle"
        }
    }, 
    {
        "pk": 7, 
        "model": "logistics.product", 
        "fields": {
            "units": "Pcs", 
            "sms_code": "cu",
            "product_code": "", 
            "name": "Copper-T", 
            "type": 1,
            "description": "Copper-T"
        }
    }, 
    {
        "pk": 8, 
        "model": "logistics.product", 
        "fields": {
            "units": "Bottles", 
            "sms_code": "ns",
            "product_code": "", 
            "name": "Nevirapine Suspension", 
            "type": 2,
            "description": "Nevirapine Suspension"
        }
    }, 
    {
        "pk": 9, 
        "model": "logistics.product", 
        "fields": {
            "units": "Tablets", 
            "sms_code": "nv",
            "product_code": "", 
            "name": "Nevirapine Tabs", 
            "type": 2,
            "description": "Nevirapine Tabs"
        }
    }, 
    {
        "pk": 10, 
        "model": "logistics.product", 
        "fields": {
            "units": "Kits", 
            "sms_code": "fr",
            "product_code": "", 
            "name": "First Response", 
            "type": 2,
            "description": "First Response Test Kits"
        }
    }, 
    {
        "pk": 11, 
        "model": "logistics.product", 
        "fields": {
            "units": "Kits", 
            "sms_code": "oq",
            "product_code": "", 
            "name": "Oraquick", 
            "type": 2,
            "description": "Oraquick"
        }
    }, 
    {
        "pk": 12, 
        "model": "logistics.product", 
        "fields": {
            "units": "Tablets", 
            "sms_code": "cb",
            "product_code": "", 
            "name": "Combivir Tabs", 
            "type": 2,
            "description": "Combivir Tabs (AZT/3TC)"
        }
    }, 
    {
        "pk": 13, 
        "model": "logistics.product", 
        "fields": {
            "units": "Bottles", 
            "sms_code": "lm",
            "product_code": "", 
            "name": "Lamivudine Suspension", 
            "type": 2,
            "description": "Lamivudine Suspension"
        }
    }, 
    {
        "pk": 14, 
        "model": "logistics.product", 
        "fields": {
            "units": "Bottles", 
            "sms_code": "zs",
            "product_code": "", 
            "name": "Zidovudine Suspension", 
            "type": 2,
            "description": "Zidovudine Suspension"
        }
    }, 
    {
        "pk": 15, 
        "model": "logistics.product", 
        "fields": {
            "units": "Tablets", 
            "sms_code": "aa",
            "product_code": "", 
            "name": "AS-AQ", 
            "type": 3,
            "description": "AS-AQ (3X3)"
        }
    }, 
    {
        "pk": 16, 
        "model": "logistics.product", 
        "fields": {
            "units": "Tablets", 
            "sms_code": "ad",
            "product_code": "", 
            "name": "A-L Dispersible", 
            "type": 3,
            "description": "A-L Dispersible (1X6)"
        }
    }, 
    {
        "pk": 17, 
        "model": "logistics.product", 
        "fields": {
            "units": "Bottles", 
            "sms_code": "al",
            "product_code": "", 
            "name": "A-L Suspension", 
            "type": 3,
            "description": "A-L Suspension"
        }
    }, 
    {
        "pk": 18, 
        "model": "logistics.product", 
        "fields": {
            "units": "Tablets", 
            "sms_code": "qu",
            "product_code": "", 
            "name": "Oral Quinine", 
            "type": 3,
            "description": "Oral Quinine"
        }
    }, 
    {
        "pk": 19, 
        "model": "logistics.product", 
        "fields": {
            "units": "Tablets", 
            "sms_code": "sp",
            "product_code": "", 
            "name": "SP", 
            "type": 3,
            "description": "SP"
        }
    }, 
    {
        "pk": 20, 
        "model": "logistics.product", 
        "fields": {
            "units": "Kits", 
            "sms_code": "rd",
            "product_code": "", 
            "name": "RDTs", 
            "type": 3,
            "description": "RDTs"
        }
    }, 
    {
        "pk": 1, 
        "model": "logistics.productreporttype", 
        "fields": {
            "name": "Stock on Hand", 
            "code": "soh"
        }
    },
    {
        "pk": 2, 
        "model": "logistics.productreporttype",     
        "fields": {
            "name": "Stock Received", 
            "code": "rec"
        }
    },
    {
        "pk": 1, 
        "model": "sites.site", 
        "fields": {
            "domain": "ilsgateway.com", 
            "name": "ilsgateway.com"
        }
    }, 
    {
        "pk": "hc",
        "model": "logistics.facilitytype",
        "fields": {
            "name": "Health Centre"
        }
    },
    {
        "pk": "c",
        "model": "logistics.facilitytype",
        "fields": {
            "name": "Clinic"
        }
    },
    {
        "pk": "dh",
        "model": "logistics.facilitytype",
        "fields": {
            "name": "District Hospital"
        }
    },
    {
        "pk": "chps",
        "model": "logistics.facilitytype",
        "fields": {
            "name": "CHPS Facility"
        }
    },
    {
        "pk": "da",
        "model": "logistics.facilitytype",
        "fields": {
            "name": "District Administration"
        }
    },
    {
        "pk": "RMS",
        "model": "logistics.facilitytype",
        "fields": {
            "name": "Regional Medical Store"
        }
    },
    {
        "pk": 1, 
        "model": "logistics.responsibility", 
        "fields": {
            "code": "reporter", 
            "name": "report stock on hand"
        }
    }, 
    {
        "pk": 2, 
        "model": "logistics.responsibility", 
        "fields": {
            "code": "reportee", 
            "name": "respond to reports"
        }
    }, 
    {
        "pk": 1, 
        "model": "logistics.contactrole", 
        "fields": {
            "responsibilities": [
                2
            ], 
            "code": "incharge", 
            "name": "In Charge"
        }
    }, 
    {
        "pk": 2, 
        "model": "logistics.contactrole", 
        "fields": {
            "responsibilities": [
                1
            ], 
            "code": "pharmacist", 
            "name": "Pharmacist"
        }
    }, 
    {
        "pk": 3, 
        "model": "logistics.contactrole", 
        "fields": {
            "responsibilities": [
                1
            ], 
            "code": "nurse", 
            "name": "Nurse"
        }
    }, 
    {
        "pk": 1, 
        "model": "auth.user", 
        "fields": {
            "username": "admin", 
            "first_name": "", 
            "last_name": "", 
            "is_active": true, 
            "is_superuser": true, 
            "is_staff": true, 
            "last_login": "2011-02-08 15:51:09", 
            "groups": [], 
            "user_permissions": [], 
            "password": "sha1$9e34e$68168e4770f70e01be6b874c1435c7f9447992dd", 
            "email": "rluk@dimagi.com", 
            "date_joined": "2011-02-08 15:50:56"
        }
    },
    {
        "pk": 2, 
        "model": "auth.user", 
        "fields": {
            "username": "rowena", 
            "first_name": "", 
            "last_name": "", 
            "is_active": true, 
            "is_superuser": false, 
            "is_staff": false, 
            "last_login": "2011-03-29 17:44:07", 
            "groups": [], 
            "user_permissions": [], 
            "password": "sha1$6eabb$29981435838c92b49e848ac238bb101f9afe152f", 
            "email": "rluk@dimagi.com", 
            "date_joined": "2011-03-29 17:44:07"
        }
    },
    {
        "pk": "district", 
        "model": "locations.locationtype", 
        "fields": {
            "name": "district"
        }
    }, 
    {
        "pk": 1,
        "model": "locations.location",
        "fields": {
            "code": "ghana",
            "name": "Ghana",
            "point": null,
            "parent_type": null,
            "parent_id": null,
            "type": null
        }
    },
    {
        "pk": 2,
        "model": "locations.location",
        "fields": {
            "code": "gar",
            "name": "Greater Accra Region",
            "point": null,
            "parent_type": 17,
            "parent_id": 1,
            "type": null
        }
    },
    {
        "pk": 3,
        "model": "locations.location",
        "fields": {
            "code": "central",
            "name": "Central Region",
            "point": null,
            "parent_type": 17,
            "parent_id": 1,
            "type": null
        }
    },
    {
        "pk": 4,
        "model": "locations.location",
        "fields": {
            "code": "western",
            "name": "Western Region",
            "point": null,
            "parent_type": 17,
            "parent_id": 1,
            "type": null
        }
    },
    {
        "pk": 5,
        "model": "locations.location",
        "fields": {
            "code": "de",
            "name": "Dangme East",
            "point": null,
            "parent_type": 17,
            "parent_id": 2,
            "type": "district"
        }
    },
    {
        "pk": 6,
        "model": "locations.location",
        "fields": {
            "code": "keea",
            "name": "Komenda Edina Eguafo Abirem",
            "point": null,
            "parent_type": 17,
            "parent_id": 3,
            "type": "district"
        }
    },
    {
        "pk": 7,
        "model": "locations.location",
        "fields": {
            "code": "gw",
            "name": "Ga West",
            "point": null,
            "parent_type": 17,
            "parent_id": 2,
            "type": "district"
        }
    },
    {
        "pk": 8,
        "model": "locations.location",
        "fields": {
            "code": "m",
            "name": "Mfantseman",
            "point": null,
            "parent_type": 17,
            "parent_id": 3,
            "type": "district"
        }
    },
    {
        "pk": 9,
        "model": "locations.location",
        "fields": {
            "code": "bab",
            "name": "Bibiani Anhwiaso Bekwai",
            "point": null,
            "parent_type": 17,
            "parent_id": 4,
            "type": "district"
        }
    },
    {
        "pk": 10,
        "model": "locations.location",
        "fields": {
            "code": "sw",
            "name": "Sefwi Wiawso",
            "point": null,
            "parent_type": 17,
            "parent_id": 4,
            "type": "district"
        }
    },
    {
        "pk": 1,
        "model": "logistics.facility",
        "fields": {
            "code": "garms",
            "name": "Greater Accra Regional Medical Store",
            "created_at": "2011-02-26 16:19:20",
            "last_reported": null,
            "location": 2,
            "active": true,
            "supplied_by": null,
            "type": "RMS"
        }
    },
    {
        "pk": 2,
        "model": "logistics.facility",
        "fields": {
            "code": "crms",
            "name": "Central Regional Medical Store",
            "created_at": "2011-02-26 16:19:58",
            "last_reported": null,
            "location": 3,
            "active": true,
            "supplied_by": null,
            "type": "RMS"
        }
    },
    {
        "pk": 3,
        "model": "logistics.facility",
        "fields": {
            "code": "wrms",
            "name": "Western Regional Medical Store",
            "created_at": "2011-02-26 16:19:58",
            "last_reported": null,
            "location": 4,
            "active": true,
            "supplied_by": null,
            "type": "RMS"
        }
    },
    {
        "pk": 1,
        "model": "rapidsms.contact",
        "fields": {
            "needs_reminders": true,
            "role": 1,
            "name": "In Charge",
            "language": "en-us",
            "facility": 1
        }
    },
    {
        "pk": 2,
        "model": "rapidsms.contact",
        "fields": {
            "needs_reminders": true,
            "role": 2,
            "name": "Test User",
            "language": "en-us",
            "facility": 1
        }
    },
    {
        "pk": 1,
        "model": "rapidsms.connection",
        "fields": {
            "contact": 1,
            "identity": "1234567890",
            "backend": 1
        }
    },
    {
        "pk": 2,
        "model": "rapidsms.connection",
        "fields": {
            "contact": 2,
            "identity": "16176023315",
            "backend": 1
        }
    },
    {
        "pk": 1,
        "model": "logistics.productstock",
        "fields": {
            "product": 1,
            "facility": 3,
            "monthly_consumption": 5,
            "is_active": true,
            "last_modified": "2011-02-26 17:40:25",
            "days_stocked_out": 0,
            "quantity": 10
        }
    },
    {
        "pk": 2,
        "model": "logistics.productstock",
        "fields": {
            "product": 2,
            "facility": 3,
            "monthly_consumption": 8,
            "is_active": true,
            "last_modified": "2011-02-26 17:40:33",
            "days_stocked_out": 0,
            "quantity": 15
        }
    },
    {
        "pk": 2, 
        "model": "reports.reportnotification", 
        "fields": {
            "report": "stockonhand", 
            "users": [
                2
            ]
        }
    }, 
    {
        "pk": 3, 
        "model": "reports.reportnotification", 
        "fields": {
            "report": "district", 
            "users": [
                2
            ]
        }
    }, 
    {
        "pk": 4, 
        "model": "reports.reportnotification", 
        "fields": {
            "report": "reporting", 
            "users": [
                2
            ]
        }
    }, 
    {
        "pk": 5, 
        "model": "reports.reportnotification", 
        "fields": {
            "report": "aggregate", 
            "users": [
                2
            ]
        }
    }, 
    {
        "pk": 2, 
        "model": "reports.dailyreportnotification", 
        "fields": {
            "hours": 18, 
            "users": [
                2
            ]
        }
    }, 
    {
        "pk": 3, 
        "model": "reports.dailyreportnotification", 
        "fields": {
            "hours": 18, 
            "users": [
                2
            ]
        }
    }, 
    {
        "pk": 4, 
        "model": "reports.weeklyreportnotification", 
        "fields": {
            "hours": 18, 
            "users": [
                2
            ], 
            "day_of_week": 1
        }
    }, 
    {
        "pk": 5, 
        "model": "reports.weeklyreportnotification", 
        "fields": {
            "hours": 18, 
            "users": [
                2
            ], 
            "day_of_week": 1
        }
    }
]

