[
    {
        "pk": 1, 
        "model": "rapidsms.backend", 
        "fields": {
            "name": "message_tester"
        }
    }, 
    {
        "pk": 1, 
        "model": "rapidsms.app", 
        "fields": {
            "active": false,
            "module": "django_nose"
        }
    }, 
    {
        "pk": 2, 
        "model": "rapidsms.app", 
        "fields": {
            "active": false, 
            "module": "djtables"
        }
    }, 
    {
        "pk": 3, 
        "model": "rapidsms.app", 
        "fields": {
            "active": false, 
            "module": "rapidsms"
        }
    }, 
    {
        "pk": 4, 
        "model": "rapidsms.app", 
        "fields": {
            "active": false, 
            "module": "rapidsms.contrib.handlers"
        }
    }, 
    {
        "pk": 5, 
        "model": "rapidsms.app", 
        "fields": {
            "active": false, 
            "module": "rapidsms.contrib.ajax"
        }
    }, 
    {
        "pk": 6, 
        "model": "rapidsms.app", 
        "fields": {
            "active": false, 
            "module": "django.contrib.sites"
        }
    }, 
    {
        "pk": 7, 
        "model": "rapidsms.app", 
        "fields": {
            "active": false, 
            "module": "django.contrib.auth"
        }
    }, 
    {
        "pk": 8, 
        "model": "rapidsms.app", 
        "fields": {
            "active": false, 
            "module": "django.contrib.admin"
        }
    }, 
    {
        "pk": 9, 
        "model": "rapidsms.app", 
        "fields": {
            "active": false, 
            "module": "django.contrib.sessions"
        }
    }, 
    {
        "pk": 10, 
        "model": "rapidsms.app", 
        "fields": {
            "active": false, 
            "module": "django.contrib.contenttypes"
        }
    }, 
    {
        "pk": 11, 
        "model": "rapidsms.app", 
        "fields": {
            "active": false, 
            "module": "south"
        }
    }, 
    {
        "pk": 12, 
        "model": "rapidsms.app", 
        "fields": {
            "active": false, 
            "module": "rapidsms.contrib.default"
        }
    }, 
    {
        "pk": 13, 
        "model": "rapidsms.app", 
        "fields": {
            "active": false, 
            "module": "rapidsms.contrib.export"
        }
    }, 
    {
        "pk": 14, 
        "model": "rapidsms.app", 
        "fields": {
            "active": false, 
            "module": "rapidsms.contrib.httptester"
        }
    }, 
    {
        "pk": 15, 
        "model": "rapidsms.app", 
        "fields": {
            "active": false, 
            "module": "rapidsms.contrib.locations"
        }
    }, 
    {
        "pk": 16, 
        "model": "rapidsms.app", 
        "fields": {
            "active": false, 
            "module": "rapidsms.contrib.messagelog"
        }
    }, 
    {
        "pk": 17, 
        "model": "rapidsms.app", 
        "fields": {
            "active": false, 
            "module": "rapidsms.contrib.messaging"
        }
    }, 
    {
        "pk": 18, 
        "model": "rapidsms.app", 
        "fields": {
            "active": false, 
            "module": "rapidsms.contrib.scheduler"
        }
    }, 
    {
        "pk": 19, 
        "model": "rapidsms.app", 
        "fields": {
            "active": false, 
            "module": "rapidsms.contrib.echo"
        }
    }, 
    {
        "pk": 20, 
        "model": "rapidsms.app", 
        "fields": {
            "active": false, 
            "module": "logistics.apps.registration"
        }
    }, 
    {
        "pk": 21, 
        "model": "rapidsms.app", 
        "fields": {
            "active": false, 
            "module": "logistics.apps.logistics"
        }
    }, 
    {
        "pk": 1, 
        "model": "logistics.product", 
        "fields": {
            "units": "tablet", 
            "sms_code": "lf",
            "product_code": "", 
            "name": "Lofem", 
            "description": "Lofem"
        }
    }, 
    {
        "pk": 2, 
        "model": "logistics.product", 
        "fields": {
            "units": "unit", 
            "sms_code": "mc", 
            "product_code": "", 
            "name": "Male Condom", 
            "description": "Male Condom"
        }
    }, 
    {
        "pk": 3, 
        "model": "logistics.product", 
        "fields": {
            "units": "don't know", 
            "sms_code": "mg",
            "product_code": "", 
            "name": "Micro-G", 
            "description": "Micro-G"
        }
    }, 
    {
        "pk": 4, 
        "model": "logistics.product", 
        "fields": {
            "units": "don't know", 
            "sms_code": "ng",
            "product_code": "", 
            "name": "Norigynon", 
            "description": "Norigynon"
        }
    }, 
    {
        "pk": 5, 
        "model": "logistics.product", 
        "fields": {
            "units": "don't know", 
            "sms_code": "dp",
            "product_code": "", 
            "name": "Depo Provera", 
            "description": "Depo Provera"
        }
    }, 
    {
        "pk": 6, 
        "model": "logistics.product", 
        "fields": {
            "units": "boxes", 
            "sms_code": "jd", 
            "product_code": "", 
            "name": "Jadelle", 
            "description": "Jadelle"
        }
    }, 
    {
        "pk": 7, 
        "model": "logistics.product", 
        "fields": {
            "units": "don't know", 
            "sms_code": "cu",
            "product_code": "", 
            "name": "Copper-T", 
            "description": "Copper-T"
        }
    }, 
    {
        "pk": 8, 
        "model": "logistics.product", 
        "fields": {
            "units": "don't know", 
            "sms_code": "ns",
            "product_code": "", 
            "name": "Nevirapine Suspension", 
            "description": "Nevirapine Suspension"
        }
    }, 
    {
        "pk": 9, 
        "model": "logistics.product", 
        "fields": {
            "units": "don't know", 
            "sms_code": "nt",
            "product_code": "", 
            "name": "Nevirapine Tabs", 
            "description": "Nevirapine Tabs"
        }
    }, 
    {
        "pk": 10, 
        "model": "logistics.product", 
        "fields": {
            "units": "don't know", 
            "sms_code": "fr",
            "product_code": "", 
            "name": "First Response", 
            "description": "First Response Test Kits"
        }
    }, 
    {
        "pk": 11, 
        "model": "logistics.product", 
        "fields": {
            "units": "don't know", 
            "sms_code": "oq",
            "product_code": "", 
            "name": "Oraquick", 
            "description": "Oraquick"
        }
    }, 
    {
        "pk": 12, 
        "model": "logistics.product", 
        "fields": {
            "units": "don't know", 
            "sms_code": "cb",
            "product_code": "", 
            "name": "Combivir Tabs", 
            "description": "Combivir Tabs (AZT/3TC)"
        }
    }, 
    {
        "pk": 13, 
        "model": "logistics.product", 
        "fields": {
            "units": "don't know", 
            "sms_code": "lm",
            "product_code": "", 
            "name": "Lamivudine Suspension", 
            "description": "Lamivudine Suspension"
        }
    }, 
    {
        "pk": 14, 
        "model": "logistics.product", 
        "fields": {
            "units": "don't know", 
            "sms_code": "zd",
            "product_code": "", 
            "name": "Zidovudine Suspension", 
            "description": "Zidovudine Suspension"
        }
    }, 
    {
        "pk": 15, 
        "model": "logistics.product", 
        "fields": {
            "units": "don't know", 
            "sms_code": "as",
            "product_code": "", 
            "name": "AS-AQ", 
            "description": "AS-AQ (3X3)"
        }
    }, 
    {
        "pk": 16, 
        "model": "logistics.product", 
        "fields": {
            "units": "don't know", 
            "sms_code": "ad",
            "product_code": "", 
            "name": "A-L Dispersible", 
            "description": "A-L Dispersible (1X6)"
        }
    }, 
    {
        "pk": 17, 
        "model": "logistics.product", 
        "fields": {
            "units": "don't know", 
            "sms_code": "al",
            "product_code": "", 
            "name": "A-L Suspension", 
            "description": "A-L Suspension"
        }
    }, 
    {
        "pk": 18, 
        "model": "logistics.product", 
        "fields": {
            "units": "don't know", 
            "sms_code": "qu",
            "product_code": "", 
            "name": "Oral Quinine", 
            "description": "Oral Quinine"
        }
    }, 
    {
        "pk": 19, 
        "model": "logistics.product", 
        "fields": {
            "units": "don't know", 
            "sms_code": "sp",
            "product_code": "", 
            "name": "SP", 
            "description": "SP"
        }
    }, 
    {
        "pk": 20, 
        "model": "logistics.product", 
        "fields": {
            "units": "don't know", 
            "sms_code": "rd",
            "product_code": "", 
            "name": "RDTs", 
            "description": "RDTs"
        }
    }, 
    {
        "pk": 1, 
        "model": "logistics.productreporttype", 
        "fields": {
            "name": "Stock on Hand", 
            "slug": "soh"
        }
    },
    {
        "pk": 2, 
        "model": "logistics.productreporttype",     
        "fields": {
            "name": "Stock Received", 
            "slug": "rec"
        }
    },
    {
        "pk": 1, 
        "model": "sites.site", 
        "fields": {
            "domain": "ilsgateway.com", 
            "name": "ilsgateway.com"
        }
    }, 
    {
        "pk": "hc",
        "model": "logistics.facilitytype",
        "fields": {
            "name": "Health Center"
        }
    },
    {
        "pk": "dh",
        "model": "logistics.facilitytype",
        "fields": {
            "name": "District Hospital"
        }
    },
    {
        "pk": "chps",
        "model": "logistics.facilitytype",
        "fields": {
            "name": "CHPS Facility"
        }
    },
    {
        "pk": "da",
        "model": "logistics.facilitytype",
        "fields": {
            "name": "District Administration"
        }
    },
    {
        "pk": "RMS",
        "model": "logistics.facilitytype",
        "fields": {
            "name": "Regional Medical Store"
        }
    },
    {
        "pk": 1, 
        "model": "logistics.responsibility", 
        "fields": {
            "slug": "reporter", 
            "name": "report stock on hand"
        }
    }, 
    {
        "pk": 2, 
        "model": "logistics.responsibility", 
        "fields": {
            "slug": "reportee", 
            "name": "respond to reports"
        }
    }, 
    {
        "pk": 1, 
        "model": "logistics.contactrole", 
        "fields": {
            "responsibilities": [
                1
            ], 
            "slug": "pharmacist", 
            "name": "pharmacist"
        }
    }, 
    {
        "pk": 2, 
        "model": "logistics.contactrole", 
        "fields": {
            "responsibilities": [
                1
            ], 
            "slug": "nurse", 
            "name": "family planning nurse"
        }
    }, 
    {
        "pk": 3, 
        "model": "logistics.contactrole", 
        "fields": {
            "responsibilities": [
                2
            ], 
            "slug": "administrator", 
            "name": "administrator"
        }
    }, 
    {
        "pk": 4, 
        "model": "logistics.contactrole", 
        "fields": {
            "responsibilities": [
                2
            ], 
            "slug": "incharge", 
            "name": "in charge"
        }
    }, 
    {
        "pk": 1, 
        "model": "auth.user", 
        "fields": {
            "username": "admin", 
            "first_name": "", 
            "last_name": "", 
            "is_active": true, 
            "is_superuser": true, 
            "is_staff": true, 
            "last_login": "2011-02-08 15:51:09", 
            "groups": [], 
            "user_permissions": [], 
            "password": "sha1$9e34e$68168e4770f70e01be6b874c1435c7f9447992dd", 
            "email": "rluk@dimagi.com", 
            "date_joined": "2011-02-08 15:50:56"
        }
    },
    {
        "pk": 1,
        "model": "locations.location",
        "fields": {
            "code": "ghana",
            "name": "Ghana",
            "point": null,
            "parent_type": null,
            "parent_id": null,
            "type": null
        }
    },
    {
        "pk": 2,
        "model": "locations.location",
        "fields": {
            "code": "gar",
            "name": "Greater Accra Region",
            "point": null,
            "parent_type": 17,
            "parent_id": 1,
            "type": null
        }
    },
    {
        "pk": 3,
        "model": "locations.location",
        "fields": {
            "code": "central",
            "name": "Central Region",
            "point": null,
            "parent_type": 17,
            "parent_id": 1,
            "type": null
        }
    },
    {
        "pk": 4,
        "model": "locations.location",
        "fields": {
            "code": "western",
            "name": "Western Region",
            "point": null,
            "parent_type": 17,
            "parent_id": 1,
            "type": null
        }
    },
    {
        "pk": 5,
        "model": "locations.location",
        "fields": {
            "code": "dw",
            "name": "Dangme West",
            "point": null,
            "parent_type": 17,
            "parent_id": 2,
            "type": null
        }
    },
    {
        "pk": 6,
        "model": "locations.location",
        "fields": {
            "code": "ae",
            "name": "Agona East",
            "point": null,
            "parent_type": 17,
            "parent_id": 3,
            "type": null
        }
    },
    {
        "pk": 7,
        "model": "locations.location",
        "fields": {
            "code": "delse",
            "name": "Dangme Elsewhere",
            "point": null,
            "parent_type": 17,
            "parent_id": 2,
            "type": null
        }
    },
    {
        "pk": 8,
        "model": "locations.location",
        "fields": {
            "code": "aelse",
            "name": "Agona Elsewhere",
            "point": null,
            "parent_type": 17,
            "parent_id": 3,
            "type": null
        }
    },
    {
        "pk": 1,
        "model": "logistics.facility",
        "fields": {
            "code": "garms",
            "name": "Greater Accra Regional Medical Store",
            "created_at": "2011-02-26 16:19:20",
            "last_reported": null,
            "location": 2,
            "active": true,
            "supplied_by": null,
            "type": "RMS"
        }
    },
    {
        "pk": 2,
        "model": "logistics.facility",
        "fields": {
            "code": "crms",
            "name": "Central Regional Medical Store",
            "created_at": "2011-02-26 16:19:58",
            "last_reported": null,
            "location": 3,
            "active": true,
            "supplied_by": null,
            "type": "RMS"
        }
    },
    {
        "pk": 3,
        "model": "logistics.facility",
        "fields": {
            "code": "dwdh",
            "name": "Dangme West District Hospital",
            "created_at": "2011-02-26 16:23:53",
            "last_reported": null,
            "location": 5,
            "active": true,
            "supplied_by": 1,
            "type": "dh"
        }
    },
    {
        "pk": 4,
        "model": "logistics.facility",
        "fields": {
            "code": "",
            "name": "Agona East District Hospital",
            "created_at": "2011-02-26 16:24:05",
            "last_reported": null,
            "location": 6,
            "active": true,
            "supplied_by": 2,
            "type": "dh"
        }
    },
    {
        "pk": 5,
        "model": "logistics.facility",
        "fields": {
            "code": "nhc",
            "name": "Nsaba Health Center",
            "created_at": "2011-02-26 16:24:58",
            "last_reported": null,
            "location": 8,
            "active": true,
            "supplied_by": 2,
            "type": "hc"
        }
    },
    {
        "pk": 6,
        "model": "logistics.facility",
        "fields": {
            "code": "khc",
            "name": "Kwanyako Health Center",
            "created_at": "2011-02-26 16:25:22",
            "last_reported": null,
            "location": 8,
            "active": true,
            "supplied_by": 2,
            "type": "hc"
        }
    },
    {
        "pk": 7,
        "model": "logistics.facility",
        "fields": {
            "code": "tf",
            "name": "Test Facility",
            "created_at": "2011-02-26 16:29:04",
            "last_reported": null,
            "location": 5,
            "active": true,
            "supplied_by": 1,
            "type": "hc"
        }
    },
    {
        "pk": 1,
        "model": "rapidsms.contact",
        "fields": {
            "needs_reminders": true,
            "role": 4,
            "name": "In Charge",
            "language": "en-us",
            "facility": 4
        }
    },
    {
        "pk": 2,
        "model": "rapidsms.contact",
        "fields": {
            "needs_reminders": true,
            "role": 1,
            "name": "Test User",
            "language": "en-us",
            "facility": 4
        }
    },
    {
        "pk": 1,
        "model": "rapidsms.connection",
        "fields": {
            "contact": 1,
            "identity": "1234567890",
            "backend": 1
        }
    },
    {
        "pk": 2,
        "model": "rapidsms.connection",
        "fields": {
            "contact": 2,
            "identity": "16176023315",
            "backend": 1
        }
    },
    {
        "pk": 1,
        "model": "logistics.productstock",
        "fields": {
            "product": 1,
            "facility": 3,
            "monthly_consumption": 10,
            "is_active": true,
            "last_modified": "2011-02-26 17:40:25",
            "days_stocked_out": 0,
            "quantity": 10
        }
    },
    {
        "pk": 2,
        "model": "logistics.productstock",
        "fields": {
            "product": 2,
            "facility": 3,
            "monthly_consumption": 10,
            "is_active": true,
            "last_modified": "2011-02-26 17:40:33",
            "days_stocked_out": 0,
            "quantity": 15
        }
    }
]

